Filename,IP
TESTE_PARA_LET.log,26.94.128.174
TESTE_PARA_LET.log,26.94.128.173
TESTE_PARA_LET.log,26.94.128.173
TESTE_PARA_LET.log,26.94.128.173
TESTE_PARA_LET.log,26.94.128.173
TESTE_PARA_LET.log,26.94.128.173
TESTE_PARA_LET.log,26.94.128.173
TESTE_PARA_LET.log,26.94.128.173
TESTE_PARA_LET.log,26.94.128.173
TESTE_PARA_LET.log,26.94.128.173
TESTE_PARA_LET.log,26.94.128.173
TESTE_PARA_LET.log,26.94.128.173
TESTE_PARA_LET.log,26.94.128.173
TESTE_PARA_LET.log,26.94.128.173
TESTE_PARA_LET.log,26.94.128.173
TESTE_PARA_LET.log,26.94.128.173
TESTE_PARA_LET.log,26.94.128.173
TESTE_PARA_LET.log,26.94.128.173
TESTE_PARA_LET.log,26.94.128.173
TESTE_PARA_LET.log,26.94.128.173
TESTE_PARA_LET.log,26.94.128.173
TESTE_PARA_LET.log,26.94.128.173
TESTE_PARA_LET.log,26.94.128.173
TESTE_PARA_LET.log,26.94.128.173
TESTE_PARA_LET.log,26.94.128.173
TESTE_PARA_LET.log,26.94.128.173
TESTE_PARA_LET.log,26.94.128.173
TESTE_PARA_LET.log,26.94.128.173
TESTE_PARA_LET.log,26.94.128.173
TESTE_PARA_LET.log,26.94.128.173
TESTE_PARA_LET.log,26.94.128.173
TESTE_PARA_LET.log,26.94.128.173
TESTE_PARA_LET.log,26.94.128.173
TESTE_PARA_LET.log,26.94.128.173
TESTE_PARA_LET.log,26.94.128.173
TESTE_PARA_LET.log,26.94.128.173
TESTE_PARA_LET.log,26.94.128.173
TESTE_PARA_LET.log,26.94.128.173
TESTE_PARA_LET.log,26.94.128.173
TESTE_PARA_LET.log,26.94.128.173
TESTE_PARA_LET.log,26.94.128.173
TESTE_PARA_LET.log,26.94.128.173
TESTE_PARA_LET.log,26.94.128.173
TESTE_PARA_LET.log,26.94.128.173
TESTE_PARA_LET.log,26.94.128.173
TESTE_PARA_LET.log,26.94.128.173
TESTE_PARA_LET.log,26.94.128.173
TESTE_PARA_LET.log,26.94.128.173
TESTE_PARA_LET.log,26.94.128.173
TESTE_PARA_LET.log,26.94.128.173
TESTE_PARA_LET.log,26.94.128.173
TESTE_PARA_LET.log,26.94.128.173
TESTE_PARA_LET.log,26.94.128.173
TESTE_PARA_LET.log,26.94.128.173
TESTE_PARA_LET.log,26.94.128.173
TESTE_PARA_LET.log,26.94.128.173
TESTE_PARA_LET.log,26.94.128.173
TESTE_PARA_LET.log,26.94.128.173
TESTE_PARA_LET.log,26.94.128.173
TESTE_PARA_LET.log,26.94.128.173
TESTE_PARA_LET.log,26.94.128.173
TESTE_PARA_LET.log,26.94.128.173
TESTE_PARA_LET.log,26.94.128.173
TESTE_PARA_LET.log,26.94.128.173
TESTE_PARA_LET.log,26.94.128.173
TESTE_PARA_LET.log,26.94.128.173
TESTE_PARA_LET.log,26.94.128.173
TESTE_PARA_LET.log,26.94.128.173
TESTE_PARA_LET.log,26.94.128.173
TESTE_PARA_LET.log,26.94.128.173
TESTE_PARA_LET.log,26.94.128.173
TESTE_PARA_LET.log,26.94.128.173
TESTE_PARA_LET.log,26.94.128.173
TESTE_PARA_LET.log,26.94.128.173
TESTE_PARA_LET.log,26.94.128.173
TESTE_PARA_LET.log,26.94.128.173
TESTE_PARA_LET.log,26.94.128.173
TESTE_PARA_LET.log,26.94.128.173
TESTE_PARA_LET.log,26.94.128.173
TESTE_PARA_LET.log,26.94.128.173
TESTE_PARA_LET.log,26.94.128.173
TESTE_PARA_LET.log,26.94.128.173
TESTE_PARA_LET.log,26.94.128.173
TESTE_PARA_LET.log,26.94.128.173
TESTE_PARA_LET.log,26.94.128.173
TESTE_PARA_LET.log,26.94.128.173
TESTE_PARA_LET.log,26.94.128.173
TESTE_PARA_LET.log,26.94.128.173
TESTE_PARA_LET.log,26.94.128.173
TESTE_PARA_LET.log,26.94.128.173
TESTE_PARA_LET.log,26.94.128.173
TESTE_PARA_LET.log,26.94.128.173
TESTE_PARA_LET.log,26.94.128.173
TESTE_PARA_LET.log,26.94.128.173
TESTE_PARA_LET.log,26.94.128.173
TESTE_PARA_LET.log,26.94.128.173
TESTE_PARA_LET.log,26.94.128.173
TESTE_PARA_LET.log,26.94.128.173
