Filename,IP
system_status.log,26.94.128.173
system_status.log,26.94.128.173
system_status.log,26.94.128.173
system_status.log,26.94.128.173
system_status.log,26.94.128.173
system_status.log,26.94.128.173
system_status.log,26.94.128.173
system_status.log,26.94.128.173
system_status.log,26.94.128.173
system_status.log,26.94.128.173
system_status.log,26.94.128.173
system_status.log,26.94.128.173
system_status.log,26.94.128.173
system_status.log,26.94.128.173
system_status.log,26.94.128.173
system_status.log,26.94.128.173
system_status.log,26.94.128.173
system_status.log,26.94.128.173
system_status.log,26.94.128.173
system_status.log,26.94.128.173
system_status.log,26.94.128.173
system_status.log,26.94.128.173
system_status.log,26.94.128.173
system_status.log,26.94.128.173
system_status.log,26.94.128.173
system_status.log,26.94.128.173
system_status.log,26.94.128.173
system_status.log,26.94.128.173
system_status.log,26.94.128.173
system_status.log,26.94.128.173
system_status.log,26.94.128.173
system_status.log,26.94.128.173
system_status.log,26.94.128.173
system_status.log,26.94.128.173
system_status.log,26.94.128.173
system_status.log,26.94.128.173
system_status.log,26.94.128.173
system_status.log,26.94.128.173
system_status.log,26.94.128.173
system_status.log,26.94.128.173
system_status.log,26.94.128.173
system_status.log,26.94.128.173
system_status.log,26.94.128.173
system_status.log,26.94.128.173
system_status.log,26.94.128.173
system_status.log,26.94.128.173
system_status.log,26.94.128.173
system_status.log,26.94.128.173
system_status.log,26.94.128.173
system_status.log,26.94.128.173
system_status.log,26.94.128.173
system_status.log,26.94.128.173
system_status.log,26.94.128.173
system_status.log,26.94.128.173
system_status.log,26.94.128.173
system_status.log,26.94.128.173
system_status.log,26.94.128.173
system_status.log,26.94.128.173
system_status.log,26.94.128.173
system_status.log,26.94.128.173
system_status.log,26.94.128.173
system_status.log,26.94.128.173
system_status.log,26.94.128.173
system_status.log,26.94.128.173
system_status.log,26.94.128.173
system_status.log,26.94.128.173
system_status.log,26.94.128.173
system_status.log,26.94.128.173
system_status.log,26.94.128.173
system_status.log,26.94.128.173
system_status.log,26.94.128.173
system_status.log,26.94.128.173
system_status.log,26.94.128.173
system_status.log,26.94.128.173
system_status.log,26.94.128.173
system_status.log,26.94.128.173
system_status.log,26.94.128.173
system_status.log,26.94.128.173
system_status.log,26.94.128.173
system_status.log,26.94.128.173
system_status.log,26.94.128.173
system_status.log,26.94.128.173
system_status.log,26.94.128.173
system_status.log,26.94.128.173
system_status.log,26.94.128.173
system_status.log,26.94.128.173
system_status.log,26.94.128.173
system_status.log,26.94.128.173
system_status.log,26.94.128.173
system_status.log,26.94.128.173
system_status.log,26.94.128.173
system_status.log,26.94.128.173
system_status.log,26.94.128.173
system_status.log,26.94.128.173
system_status.log,26.94.128.173
system_status.log,26.94.128.173
system_status.log,26.94.128.173
system_status.log,26.94.128.173
